403595947537334274,https://www.youtube.com/channel/UCRQrMsgGFkV94CgoJOZliqQ
290284201310158849,https://www.youtube.com/channel/UCuqp2n52QwuO-oDhn8JdGLw
161247044713840642,https://www.youtube.com/channel/UCh7yaUSvxtXBlrf3tHfNHRw
193247613095641090,https://www.youtube.com/channel/UCI8OCEYVtzxMi-KYJPbGpYQ
310960432909254667,https://www.youtube.com/channel/UCZQPPMjQ-yAzObv_lViNqpg
323680030724980736,https://www.youtube.com/channel/UCuyB4TqlCoH3R3So4FjLfag
263996286909415427,https://www.youtube.com/channel/UCyIY8wI0pbgrVdCUwz2dILQ
195529549855850496,https://www.youtube.com/channel/UCAQ7qfn4QLqYSHLVqpA41Hw
184056922717028352,https://www.youtube.com/channel/UCgl2Oi2i2wVhAKaWtFoIeuw
225802674518360074,https://www.youtube.com/channel/UCHipN-xF6zIKM3UKocaUstw
212068976883138561,https://www.youtube.com/channel/UCkA4EjDFpeclwq5abtAz7pw
157900956913106944,https://www.youtube.com/channel/UCKoq7IR5Y6GJGs-La1UqAfA
232618363975630849,https://www.youtube.com/channel/UC_uwtmE5F4i_gfklSfhpQrw
224733285295587328,https://www.youtube.com/channel/UCbyzuouzSXFjpeosiBkH7ug
176006603277860865,https://www.youtube.com/channel/UCZcwEv5awNP488-4T7zuntQ
407231652373463041,https://www.youtube.com/channel/UCfBA_vX3ka4U9fidwqTuyOw
261791551481446403,https://www.youtube.com/channel/UCd-kesA4_EEm-vFgCbHseYw
448496216008032288,https://www.youtube.com/channel/UCCJaFR_yNw0k2rVhh8_mE2w
224267581370925056,https://www.youtube.com/channel/UC7dTk7z9VcaHiYmUP0ytZcg
449914409658351617,https://www.youtube.com/channel/UCz6Z4vlAmetVq9GmJ-vFISA